{
    "HOW TO UPDATE THE BINARIES": [
        "Upload the new file to S3 under a new folder with the version number embedded in (see actionlint for an example).",
        "(Don't override the old files, otherwise you'll break `lintrunner install` for anyone using an older commit of pytorch.)",
        "'Hash' is the sha256 of the uploaded file.",
        "Validate the new download url and hash by running 'lintrunner init' to pull the new binaries and then run 'lintrunner' to try linting the files."
    ],
    "clang-format": {
        "Darwin": {
            "download_url": "https://oss-clang-format.s3.us-east-2.amazonaws.com/mac/clang-format-mojave",
            "hash": "1485a242a96c737ba7cdd9f259114f2201accdb46d87ac7a8650b1a814cd4d4d"
        },
        "Linux": {
            "download_url": "https://oss-clang-format.s3.us-east-2.amazonaws.com/linux64/clang-format-linux64",
            "hash": "e1c8b97b919541a99e0a355df5c3f9e8abebc64259dbee6f8c68e1ef90582856"
        }
    },
    "clang-tidy": {
        "Darwin": {
            "download_url": "https://oss-clang-format.s3.us-east-2.amazonaws.com/macos/clang-tidy",
            "hash": "541797a7b8fa795e2f3c1adcd8236cc336a40aa927028dc5bc79172e1d9eca36"
        },
        "Linux": {
            "download_url": "https://oss-clang-format.s3.us-east-2.amazonaws.com/linux64/clang-tidy",
            "hash": "49343a448fcb75cd1e0fb9d6b1f6c2ef4b008b6f91d6ff899d4ac6060f5e52a5"
        }
    },
    "actionlint": {
        "Darwin": {
            "download_url": "https://oss-clang-format.s3.us-east-2.amazonaws.com/actionlint/1.6.15/Darwin_amd64/actionlint",
            "hash": "e9a0e0b17e54cfefe7964b6aa1da8921b1f8f2318c31c0eb1a17ea3e8ab10db2"
        },
        "Linux": {
            "download_url": "https://oss-clang-format.s3.us-east-2.amazonaws.com/actionlint/1.6.15/Linux_arm64/actionlint",
            "hash": "d6b45ae67f29a2bf9ddd226071ddd8f158fdf2992e8515a06838e5fef90f3a2d"
        }
    }
}
